id,accession_number,artist,artistRole,artistId,title,dateText,medium,creditLine,year,acquisitionYear,dimensions,width,height,depth,units,inscription,thumbnailCopyright,thumbnailUrl,url
1035,A00001,"Blake, Robert",artist,38,A Figure Bowing before a Seated Old Man with his Arm Outstretched in Benediction. Verso: Indecipherable Sketch,date not known,"Watercolour, ink, chalk and graphite on paper. Verso: graphite on paper",Presented by Mrs John Richmond 1922,,1922,support: 394 x 419 mm,394,419,,mm,,,http://www.tate.org.uk/art/images/work/A/A00/A00001_8.jpg,http://www.tate.org.uk/art/artworks/blake-a-figure-bowing-before-a-seated-old-man-with-his-arm-outstretched-in-benediction-a00001
1036,A00002,"Blake, Robert",artist,38,"Two Drawings of Frightened Figures, Probably for ‘The Approach of Doom’",date not known,Graphite on paper,Presented by Mrs John Richmond 1922,,1922,support: 311 x 213 mm,311,213,,mm,,,http://www.tate.org.uk/art/images/work/A/A00/A00002_8.jpg,http://www.tate.org.uk/art/artworks/blake-two-drawings-of-frightened-figures-probably-for-the-approach-of-doom-a00002
1037,A00003,"Blake, Robert",artist,38,"The Preaching of Warning. Verso: An Old Man Enthroned Between Two Groups of Figures, by ?William Blake",?c.1785,Graphite on paper. Verso: graphite on paper,Presented by Mrs John Richmond 1922,1785,1922,support: 343 x 467 mm,343,467,,mm,,,http://www.tate.org.uk/art/images/work/A/A00/A00003_8.jpg,http://www.tate.org.uk/art/artworks/blake-the-preaching-of-warning-verso-an-old-man-enthroned-between-two-groups-of-figures-by-a00003
1038,A00004,"Blake, Robert",artist,38,Six Drawings of Figures with Outstretched Arms,date not known,Graphite on paper,Presented by Mrs John Richmond 1922,,1922,support: 318 x 394 mm,318,394,,mm,,,http://www.tate.org.uk/art/images/work/A/A00/A00004_8.jpg,http://www.tate.org.uk/art/artworks/blake-six-drawings-of-figures-with-outstretched-arms-a00004
1039,A00005,"Blake, William",artist,39,The Circle of the Lustful: Francesca da Rimini (‘The Whirlwind of Lovers’),"1826–7, reprinted 1892",Line engraving on paper,"Purchased with the assistance of a special grant from the National Gallery and donations from the Art Fund, Lord Duveen and others, and presented through the the Art Fund 1919",1826,1919,image: 243 x 335 mm,243,335,,mm,,,http://www.tate.org.uk/art/images/work/A/A00/A00005_8.jpg,http://www.tate.org.uk/art/artworks/blake-the-circle-of-the-lustful-francesca-da-rimini-the-whirlwind-of-lovers-a00005
1040,A00006,"Blake, William",artist,39,Ciampolo the Barrator Tormented by the Devils,"1826–7, reprinted 1892",Line engraving on paper,"Purchased with the assistance of a special grant from the National Gallery and donations from the Art Fund, Lord Duveen and others, and presented through the the Art Fund 1919",1826,1919,image: 240 x 338 mm,240,338,,mm,,,http://www.tate.org.uk/art/images/work/A/A00/A00006_8.jpg,http://www.tate.org.uk/art/artworks/blake-ciampolo-the-barrator-tormented-by-the-devils-a00006
1041,A00007,"Blake, William",artist,39,The Baffled Devils Fighting,"1826–7, reprinted 1892",Line engraving on paper,"Purchased with the assistance of a special grant from the National Gallery and donations from the Art Fund, Lord Duveen and others, and presented through the the Art Fund 1919",1826,1919,image: 242 x 334 mm,242,334,,mm,,,http://www.tate.org.uk/art/images/work/A/A00/A00007_8.jpg,http://www.tate.org.uk/art/artworks/blake-the-baffled-devils-fighting-a00007
1042,A00008,"Blake, William",artist,39,The Six-Footed Serpent Attacking Agnolo Brunelleschi,"1826–7, reprinted 1892",Line engraving on paper,"Purchased with the assistance of a special grant from the National Gallery and donations from the Art Fund, Lord Duveen and others, and presented through the the Art Fund 1919",1826,1919,image: 246 x 340 mm,246,340,,mm,,,http://www.tate.org.uk/art/images/work/A/A00/A00008_8.jpg,http://www.tate.org.uk/art/artworks/blake-the-six-footed-serpent-attacking-agnolo-brunelleschi-a00008
1043,A00009,"Blake, William",artist,39,The Serpent Attacking Buoso Donati,"1826–7, reprinted 1892",Line engraving on paper,"Purchased with the assistance of a special grant from the National Gallery and donations from the Art Fund, Lord Duveen and others, and presented through the the Art Fund 1919",1826,1919,image: 241 x 335 mm,241,335,,mm,,,http://www.tate.org.uk/art/images/work/A/A00/A00009_8.jpg,http://www.tate.org.uk/art/artworks/blake-the-serpent-attacking-buoso-donati-a00009
1044,A00010,"Blake, William",artist,39,The Pit of Disease: The Falsifiers,"1826–7, reprinted 1892",Line engraving on paper,"Purchased with the assistance of a special grant from the National Gallery and donations from the Art Fund, Lord Duveen and others, and presented through the the Art Fund 1919",1826,1919,image: 243 x 340 mm,243,340,,mm,,,http://www.tate.org.uk/art/images/work/A/A00/A00010_8.jpg,http://www.tate.org.uk/art/artworks/blake-the-pit-of-disease-the-falsifiers-a00010
1045,A00011,"Blake, William",artist,39,Dante Striking against Bocca Degli Abati,"1826–7, reprinted 1892",Line engraving on paper,"Purchased with the assistance of a special grant from the National Gallery and donations from the Art Fund, Lord Duveen and others, and presented through the the Art Fund 1919",1826,1919,image: 236 x 340 mm,236,340,,mm,,,http://www.tate.org.uk/art/images/work/A/A00/A00011_8.jpg,http://www.tate.org.uk/art/artworks/blake-dante-striking-against-bocca-degli-abati-a00011
1046,A00012,"Blake, William",artist,39,Job and his Family,"1828, reprinted 1874",Line engraving on paper,"Purchased with the assistance of a special grant from the National Gallery and donations from the Art Fund, Lord Duveen and others, and presented through the the Art Fund 1919",1828,1919,image: 184 x 150 mm,184,150,,mm,,,http://www.tate.org.uk/art/images/work/A/A00/A00012_8.jpg,http://www.tate.org.uk/art/artworks/blake-job-and-his-family-a00012
1047,A00013,"Blake, William",artist,39,Satan before the Throne of God,"1825, reprinted 1874",Line engraving on paper,"Purchased with the assistance of a special grant from the National Gallery and donations from the Art Fund, Lord Duveen and others, and presented through the the Art Fund 1919",1825,1919,image: 197 x 151 mm,197,151,,mm,,,http://www.tate.org.uk/art/images/work/A/A00/A00013_8.jpg,http://www.tate.org.uk/art/artworks/blake-satan-before-the-throne-of-god-a00013
1048,A00014,"Blake, William",artist,39,Job’s Sons and Daughters Overwhelmed by Satan,"1825, reprinted 1874",Line engraving on paper    ,"Purchased with the assistance of a special grant from the National Gallery and donations from the Art Fund, Lord Duveen and others, and presented through the the Art Fund 1919",1825,1919,image: 197 x 153 mm,197,153,,mm,,,http://www.tate.org.uk/art/images/work/A/A00/A00014_8.jpg,http://www.tate.org.uk/art/artworks/blake-jobs-sons-and-daughters-overwhelmed-by-satan-a00014
1049,A00015,"Blake, William",artist,39,The Messengers tell Job of his Misfortunes,"1825, reprinted 1874",Line engraving on paper,"Purchased with the assistance of a special grant from the National Gallery and donations from the Art Fund, Lord Duveen and others, and presented through the the Art Fund 1919",1825,1919,image: 200 x 152 mm,200,152,,mm,,,http://www.tate.org.uk/art/images/work/A/A00/A00015_8.jpg,http://www.tate.org.uk/art/artworks/blake-the-messengers-tell-job-of-his-misfortunes-a00015
1050,A00016,"Blake, William",artist,39,"Satan Going Forth from the Presence of the Lord, and Job’s Charity","1825, reprinted 1874",Line engraving on paper,"Purchased with the assistance of a special grant from the National Gallery and donations from the Art Fund, Lord Duveen and others, and presented through the the Art Fund 1919",1825,1919,image: 198 x 152 mm,198,152,,mm,,,http://www.tate.org.uk/art/images/work/A/A00/A00016_8.jpg,http://www.tate.org.uk/art/artworks/blake-satan-going-forth-from-the-presence-of-the-lord-and-jobs-charity-a00016
1051,A00017,"Blake, William",artist,39,Satan Smiting Job with Sore Boils,"1825, reprinted 1874",Line engraving on paper,"Purchased with the assistance of a special grant from the National Gallery and donations from the Art Fund, Lord Duveen and others, and presented through the the Art Fund 1919",1825,1919,image: 198 x 153 mm,198,153,,mm,,,http://www.tate.org.uk/art/images/work/A/A00/A00017_8.jpg,http://www.tate.org.uk/art/artworks/blake-satan-smiting-job-with-sore-boils-a00017
1052,A00018,"Blake, William",artist,39,Job’s Comforters,"1825, reprinted 1874",Line engraving on paper,"Purchased with the assistance of a special grant from the National Gallery and donations from the Art Fund, Lord Duveen and others, and presented through the the Art Fund 1919",1825,1919,image: 198 x 153 mm,198,153,,mm,,,http://www.tate.org.uk/art/images/work/A/A00/A00018_8.jpg,http://www.tate.org.uk/art/artworks/blake-jobs-comforters-a00018
1053,A00019,"Blake, William",artist,39,Job’s Despair,"1825, reprinted 1874",Line engraving on paper,"Purchased with the assistance of a special grant from the National Gallery and donations from the Art Fund, Lord Duveen and others, and presented through the Art Fund 1919",1825,1919,image: 199 x 150 mm,199,150,,mm,,,http://www.tate.org.uk/art/images/work/A/A00/A00019_8.jpg,http://www.tate.org.uk/art/artworks/blake-jobs-despair-a00019
1054,A00020,"Blake, William",artist,39,The Vision of Eliphaz,"1825, reprinted 1874",Line engraving on paper,"Purchased with the assistance of a special grant from the National Gallery and donations from the Art Fund, Lord Duveen and others, and presented through the the Art Fund 1919",1825,1919,image: 198 x 152 mm,198,152,,mm,,,http://www.tate.org.uk/art/images/work/A/A00/A00020_8.jpg,http://www.tate.org.uk/art/artworks/blake-the-vision-of-eliphaz-a00020
1055,A00021,"Blake, William",artist,39,Job Rebuked by his Friends,"1825, reprinted 1874",Line engraving on paper,"Purchased with the assistance of a special grant from the National Gallery and donations from the Art Fund, Lord Duveen and others, and presented through the the Art Fund 1919",1825,1919,image: 198 x 152 mm,198,152,,mm,,,http://www.tate.org.uk/art/images/work/A/A00/A00021_8.jpg,http://www.tate.org.uk/art/artworks/blake-job-rebuked-by-his-friends-a00021
1056,A00022,"Blake, William",artist,39,Job’s Evil Dreams,"1825, reprinted 1874",Line engraving on paper,"Purchased with the assistance of a special grant from the National Gallery and donations from the Art Fund, Lord Duveen and others, and presented through the the Art Fund 1919",1825,1919,image: 197 x 152 mm,197,152,,mm,,,http://www.tate.org.uk/art/images/work/A/A00/A00022_8.jpg,http://www.tate.org.uk/art/artworks/blake-jobs-evil-dreams-a00022
1057,A00023,"Blake, William",artist,39,The Wrath of Elihu,"1825, reprinted 1874",Line engraving on paper,"Purchased with the assistance of a special grant from the National Gallery and donations from the Art Fund, Lord Duveen and others, and presented through the the Art Fund 1919",1825,1919,image: 200 x 151 mm,200,151,,mm,,,http://www.tate.org.uk/art/images/work/A/A00/A00023_8.jpg,http://www.tate.org.uk/art/artworks/blake-the-wrath-of-elihu-a00023
1058,A00024,"Blake, William",artist,39,The Lord Answering Job out of the Whirlwind,"1825, reprinted 1874",Line engraving on paper,"Purchased with the assistance of a special grant from the National Gallery and donations from the Art Fund, Lord Duveen and others, and presented through the the Art Fund 1919",1825,1919,image: 198 x 151 mm,198,151,,mm,,,http://www.tate.org.uk/art/images/work/A/A00/A00024_8.jpg,http://www.tate.org.uk/art/artworks/blake-the-lord-answering-job-out-of-the-whirlwind-a00024
1059,A00025,"Blake, William",artist,39,When the Morning Stars Sang Together,"1825, reprinted 1874",Line engraving on paper,"Purchased with the assistance of a special grant from the National Gallery and donations from the Art Fund, Lord Duveen and others, and presented through the the Art Fund 1919",1825,1919,image: 191 x 150 mm,191,150,,mm,,,http://www.tate.org.uk/art/images/work/A/A00/A00025_8.jpg,http://www.tate.org.uk/art/artworks/blake-when-the-morning-stars-sang-together-a00025
1060,A00026,"Blake, William",artist,39,Behemoth and Leviathan,"1825, reprinted 1874",Line engraving on paper,"Purchased with the assistance of a special grant from the National Gallery and donations from the Art Fund, Lord Duveen and others, and presented through the the Art Fund 1919",1825,1919,image: 200 x 151 mm,200,151,,mm,,,http://www.tate.org.uk/art/images/work/A/A00/A00026_8.jpg,http://www.tate.org.uk/art/artworks/blake-behemoth-and-leviathan-a00026
1061,A00027,"Blake, William",artist,39,The Fall of Satan,"1825, reprinted 1874",Line engraving on paper,"Purchased with the assistance of a special grant from the National Gallery and donations from the Art Fund, Lord Duveen and others, and presented through the the Art Fund 1919",1825,1919,image: 186 x 150 mm,186,150,,mm,,,http://www.tate.org.uk/art/images/work/A/A00/A00027_8.jpg,http://www.tate.org.uk/art/artworks/blake-the-fall-of-satan-a00027
1062,A00028,"Blake, William",artist,39,The Vision of Christ,"1825, reprinted 1874",Line engraving on paper,"Purchased with the assistance of a special grant from the National Gallery and donations from the Art Fund, Lord Duveen and others, and presented through the the Art Fund 1919",1825,1919,image: 200 x 151 mm,200,151,,mm,,,http://www.tate.org.uk/art/images/work/A/A00/A00028_8.jpg,http://www.tate.org.uk/art/artworks/blake-the-vision-of-christ-a00028
1063,A00029,"Blake, William",artist,39,Job’s Sacrifice,"1825, reprinted 1874",Line engraving on paper,"Purchased with the assistance of a special grant from the National Gallery and donations from the Art Fund, Lord Duveen and others, and presented through the the Art Fund 1919",1825,1919,image: 198 x 150 mm,198,150,,mm,,,http://www.tate.org.uk/art/images/work/A/A00/A00029_8.jpg,http://www.tate.org.uk/art/artworks/blake-jobs-sacrifice-a00029
1064,A00030,"Blake, William",artist,39,Every Man also Gave him a Piece of Money,"1825, reprinted 1874",Line engraving on paper,"Purchased with the assistance of a special grant from the National Gallery and donations from the Art Fund, Lord Duveen and others, and presented through the the Art Fund 1919",1825,1919,image: 197 x 150 mm,197,150,,mm,,,,http://www.tate.org.uk/art/artworks/blake-every-man-also-gave-him-a-piece-of-money-a00030
1065,A00031,"Blake, William",artist,39,Job and his Daughters,"1825, reprinted 1874",Line engraving on paper,"Purchased with the assistance of a special grant from the National Gallery and donations from the Art Fund, Lord Duveen and others, and presented through the the Art Fund 1919",1825,1919,image: 199 x 151 mm,199,151,,mm,,,http://www.tate.org.uk/art/images/work/A/A00/A00031_8.jpg,http://www.tate.org.uk/art/artworks/blake-job-and-his-daughters-a00031
1066,A00032,"Blake, William",artist,39,Job and his Family Restored to Prosperity,"1825, reprinted 1874",Line engraving on paper,"Purchased with the assistance of a special grant from the National Gallery and donations from the Art Fund, Lord Duveen and others, and presented through the Art Fund 1919",1825,1919,image: 196 x 149 mm,196,149,,mm,,,http://www.tate.org.uk/art/images/work/A/A00/A00032_8.jpg,http://www.tate.org.uk/art/artworks/blake-job-and-his-family-restored-to-prosperity-a00032
1067,A00033,"Blake, William",artist,39,Sketch for ‘The Four and Twenty Elders Casting their Crowns before the Divine Throne’. Verso: Standing Figure with Arms at his Side,"c.1803, c.1805–10",Graphite on paper. Verso: graphite on paper,Presented by Mrs John Richmond 1922,1803,1922,support: 488 x 389 mm,488,389,,mm,,,http://www.tate.org.uk/art/images/work/A/A00/A00033_8.jpg,http://www.tate.org.uk/art/artworks/blake-sketch-for-the-four-and-twenty-elders-casting-their-crowns-before-the-divine-throne-a00033
1068,A00034,"Blake, William",artist,39,‘Europe’: Fragment of Pages 3 and 4,1794–c.1830–5,Relief etching and watercolour on paper,Presented by Mrs John Richmond 1922,1794,1922,support: 92 x 166 mm,92,166,,mm,,,http://www.tate.org.uk/art/images/work/A/A00/A00034_8.jpg,http://www.tate.org.uk/art/artworks/blake-europe-fragment-of-pages-3-and-4-a00034
1069,A00035,"Blake, William",artist,39,Songs of Innocence and of Experience: Infant Sorrow,"1794, reprinted 1831 or later",Relief etching on paper,Presented by Mrs John Richmond 1922,1794,1922,image: 112 x 97 mm,112,97,,mm,,,http://www.tate.org.uk/art/images/work/A/A00/A00035_8.jpg,http://www.tate.org.uk/art/artworks/blake-songs-of-innocence-and-of-experience-infant-sorrow-a00035
1070,A00036,"Blake, William",artist,39,‘Songs of Innocence and of Experience’: ‘Infant Sorrow’,"1794, reprinted 1831 or later",Relief etching on paper,Presented by Mrs John Richmond 1922,1794,1922,image: 112 x 97 mm,112,97,,mm,,,http://www.tate.org.uk/art/images/work/A/A00/A00036_8.jpg,http://www.tate.org.uk/art/artworks/blake-songs-of-innocence-and-of-experience-infant-sorrow-a00036
1071,A00037,"Blake, William",artist,39,‘Songs of Innocence and of Experience’: ‘Spring’,"1794, reprinted 1831 or later",Relief etching on paper,Presented by Mrs John Richmond 1922,1794,1922,image: 115 x 79 mm,115,79,,mm,,,http://www.tate.org.uk/art/images/work/A/A00/A00037_8.jpg,http://www.tate.org.uk/art/artworks/blake-songs-of-innocence-and-of-experience-spring-a00037
1072,A00038,"Blake, William",artist,39,‘Songs of Innocence’: Title-Page,"1789, reprinted 1831 or later",Relief etching on paper,Presented by Mrs John Richmond 1922,1789,1922,image: 120 x 64 mm,120,64,,mm,,,,http://www.tate.org.uk/art/artworks/blake-songs-of-innocence-title-page-a00038
1073,A00039,"Blake, William",artist,39,‘Songs of Innocence’: Title-Page,"1789, reprinted 1831 or later",Relief etching on paper,Presented by Mrs John Richmond 1922,1789,1922,image: 120 x 64 mm,120,64,,mm,,,http://www.tate.org.uk/art/images/work/A/A00/A00039_8.jpg,http://www.tate.org.uk/art/artworks/blake-songs-of-innocence-title-page-a00039
1074,A00040,"Blake, William",artist,39,Sketch for ‘Tiriel Supporting the Dying Myratana’. Verso: Sketch for ‘Tiriel Supporting the Dying Myratana’,c.1786–9,Graphite on paper. Verso: graphite on paper,Presented by Mrs John Richmond 1922,1786,1922,support: 291 x 450 mm,291,450,,mm,,,http://www.tate.org.uk/art/images/work/A/A00/A00040_8.jpg,http://www.tate.org.uk/art/artworks/blake-sketch-for-tiriel-supporting-the-dying-myratana-verso-sketch-for-tiriel-supporting-a00040
1075,A00041,"Blake, William",artist,39,Landscape near Felpham,c.1800,Graphite and watercolour on paper,Presented by Mrs John Richmond 1922,1800,1922,support: 237 x 343 mm,237,343,,mm,,,http://www.tate.org.uk/art/images/work/A/A00/A00041_8.jpg,http://www.tate.org.uk/art/artworks/blake-landscape-near-felpham-a00041
1076,A00042,"Blake, William",artist,39,Two Figures in a Decorative Border,c.1790,Graphite on paper,Presented by Mrs John Richmond 1922,1790,1922,support: 122 x 203 mm,122,203,,mm,,,http://www.tate.org.uk/art/images/work/A/A00/A00042_8.jpg,http://www.tate.org.uk/art/artworks/blake-two-figures-in-a-decorative-border-a00042
1077,A00043,"Blake, William",artist,39,Preliminary Sketch for ‘Christ Girding Himself with Strength’. Verso: Standing Figure with One Arm Raised,"c.1805, c.1805–10",Graphite on paper. Verso: graphite on paper,Presented by Mrs John Richmond 1922,1805,1922,support: 505 x 425 mm,505,425,,mm,,,http://www.tate.org.uk/art/images/work/A/A00/A00043_8.jpg,http://www.tate.org.uk/art/artworks/blake-preliminary-sketch-for-christ-girding-himself-with-strength-verso-standing-figure-a00043
1078,A00044,"Blake, William",artist,39,Lower Half of a Woman Playing a Harp. Verso: Seraphim and Other Drawings,"c.1785, c.?1807",Graphite on paper. Verso: graphite on paper,Presented by Mrs John Richmond 1922,1785,1922,support: 268 x 450 mm,268,450,,mm,,,http://www.tate.org.uk/art/images/work/A/A00/A00044_8.jpg,http://www.tate.org.uk/art/artworks/blake-lower-half-of-a-woman-playing-a-harp-verso-seraphim-and-other-drawings-a00044
1079,A00045,"Blake, William",artist,39,"St Christopher, Copy from an Engraving? Verso:Part of a Face: Copy from a Plaster Cast: a Daughter of Niobe?",?c.1779–80,Ink on paper. Verso: graphite on paper,Presented by Mrs John Richmond 1922,1779,1922,support: 435 x 338 mm,435,338,,mm,,,http://www.tate.org.uk/art/images/work/A/A00/A00045_8.jpg,http://www.tate.org.uk/art/artworks/blake-st-christopher-copy-from-an-engraving-versopart-of-a-face-copy-from-a-plaster-cast-a-a00045
1080,A00046,"Blake, William",artist,39,The Crucifixion,c.1825–7,Graphite on paper,Presented by Mrs John Richmond 1922,1825,1922,support: 432 x 276 mm,432,276,,mm,,,http://www.tate.org.uk/art/images/work/A/A00/A00046_8.jpg,http://www.tate.org.uk/art/artworks/blake-the-crucifixion-a00046
1081,A00047,"Blake, William",artist,39,"Composition Sketch, Possibly a Subject from Dante. Verso: A Man Standing over a Figure Reclining on a Bed","?1824–7, ?c.1800–10",Graphite on paper. Verso: graphite on paper,Presented by Mrs John Richmond 1922,1800,1922,support: 454 x 339 mm,454,339,,mm,,,http://www.tate.org.uk/art/images/work/A/A00/A00047_8.jpg,http://www.tate.org.uk/art/artworks/blake-composition-sketch-possibly-a-subject-from-dante-verso-a-man-standing-over-a-figure-a00047
1082,A00048,"Blake, William",artist,39,Composition Sketch. Verso: Standing Figure Holding a Spear,?c.1805–10,Graphite on paper. Verso: graphite on paper,Presented by Mrs John Richmond 1922,1805,1922,support: 508 x 370 mm,508,370,,mm,,,http://www.tate.org.uk/art/images/work/A/A00/A00048_8.jpg,http://www.tate.org.uk/art/artworks/blake-composition-sketch-verso-standing-figure-holding-a-spear-a00048
1083,A00049,"Blake, William",artist,39,Composition Sketch for ‘The Fall of the Rebel Angels’? Verso: Standing Figure with Flaming Hair,?c.1805–10,Graphite on paper. Verso: graphite on paper,Presented by Mrs John Richmond 1922,1805,1922,support: 502 x 425 mm,502,425,,mm,,,http://www.tate.org.uk/art/images/work/A/A00/A00049_8.jpg,http://www.tate.org.uk/art/artworks/blake-composition-sketch-for-the-fall-of-the-rebel-angels-verso-standing-figure-with-a00049
1183,A00050,"Richmond, George",attributed to,447,Tracing of Title-Page of Blake’s ‘Book of Job’,?c.1826,Graphite on paper,Presented by Mrs John Richmond 1922,1826,1922,support: 214 x 157 mm,214,157,,mm,,,http://www.tate.org.uk/art/images/work/A/A00/A00050_8.jpg,http://www.tate.org.uk/art/artworks/richmond-tracing-of-title-page-of-blakes-book-of-job-a00050
1505,A00051,British School 18th century,artist,59,[title not known],date not known,Watercolour on paper,Bequeathed by Miss Julia Emily Gordon 1896,,1896,,,,,,,,,http://www.tate.org.uk/art/artworks/british-school-18th-century-title-not-known-a00051
1506,A00052,British School 18th century,artist,59,[title not known],date not known,Watercolour on paper,Bequeathed by Miss Julia Emily Gordon 1896,,1896,,,,,,,,,http://www.tate.org.uk/art/artworks/british-school-18th-century-title-not-known-a00052
1507,A00053,British School 18th century,artist,59,[title not known],date not known,Watercolour on paper,Bequeathed by Miss Julia Emily Gordon 1896,,1896,,,,,,,,,http://www.tate.org.uk/art/artworks/british-school-18th-century-title-not-known-a00053
1508,A00054,British School 18th century,artist,59,[title not known],date not known,Watercolour on paper,Bequeathed by Miss Julia Emily Gordon 1896,,1896,,,,,,,,,http://www.tate.org.uk/art/artworks/british-school-18th-century-title-not-known-a00054
1509,A00055,British School 18th century,artist,59,[title not known],date not known,Watercolour on paper,Bequeathed by Miss Julia Emily Gordon 1896,,1896,,,,,,,,,http://www.tate.org.uk/art/artworks/british-school-18th-century-title-not-known-a00055
1510,A00056,British School 18th century,artist,59,[title not known],date not known,Watercolour on paper,Bequeathed by Miss Julia Emily Gordon 1896,,1896,,,,,,,,,http://www.tate.org.uk/art/artworks/british-school-18th-century-title-not-known-a00056
1695,A00057,"Burne-Jones, Sir Edward Coley, Bt",artist,68,Study of a Woman’s Head,1870,Graphite on paper,Bequeathed by A.N. MacNicholl 1916,1870,1916,support: 203 x 184 mm,203,184,,mm,date inscribed,,http://www.tate.org.uk/art/images/work/A/A00/A00057_8.jpg,http://www.tate.org.uk/art/artworks/burne-jones-study-of-a-womans-head-a00057
1696,A00058,"Burne-Jones, Sir Edward Coley, Bt",artist,68,"Study of a Sleeping Woman’s Head, possibly for ‘The Rose Bower’ in the ‘Briar Rose’ Series",c.1871–3,Graphite on paper,Bequeathed by A.N. MacNicholl 1916,1871,1916,support: 274 x 222 mm,274,222,,mm,date inscribed,,http://www.tate.org.uk/art/images/work/A/A00/A00058_8.jpg,http://www.tate.org.uk/art/artworks/burne-jones-study-of-a-sleeping-womans-head-possibly-for-the-rose-bower-in-the-briar-rose-a00058
1697,A00059,"Burne-Jones, Sir Edward Coley, Bt",artist,68,Study of a Man’s Head,1866,Graphite on paper,Bequeathed by A.N. MacNicholl 1916,1866,1916,support: 222 x 171 mm,222,171,,mm,date inscribed,,http://www.tate.org.uk/art/images/work/A/A00/A00059_8.jpg,http://www.tate.org.uk/art/artworks/burne-jones-study-of-a-mans-head-a00059
1698,A00060,"Burne-Jones, Sir Edward Coley, Bt",artist,68,Study of a Girl’s Head,1866,Graphite on paper,Bequeathed by A.N. MacNicholl 1916,1866,1916,support: 260 x 216 mm,260,216,,mm,date inscribed,,http://www.tate.org.uk/art/images/work/A/A00/A00060_8.jpg,http://www.tate.org.uk/art/artworks/burne-jones-study-of-a-girls-head-a00060
1699,A00061,"Burne-Jones, Sir Edward Coley, Bt",artist,68,Study of a Standing Woman for ‘The Passing of Venus’,1877,Graphite and watercolour on paper,Bequeathed by A.N. MacNicholl 1916,1877,1916,support: 269 x 179 mm,269,179,,mm,date inscribed,,http://www.tate.org.uk/art/images/work/A/A00/A00061_8.jpg,http://www.tate.org.uk/art/artworks/burne-jones-study-of-a-standing-woman-for-the-passing-of-venus-a00061
1700,A00062,"Burne-Jones, Sir Edward Coley, Bt",artist,68,Study of a Seated Woman for ‘The Passing of Venus’,c.1877,Graphite and watercolour on paper,Bequeathed by A.N. MacNicholl 1916,1877,1916,support: 261 x 225 mm,261,225,,mm,date inscribed,,http://www.tate.org.uk/art/images/work/A/A00/A00062_8.jpg,http://www.tate.org.uk/art/artworks/burne-jones-study-of-a-seated-woman-for-the-passing-of-venus-a00062
1701,A00063,"Burne-Jones, Sir Edward Coley, Bt",artist,68,Study of Seated Figure for ‘The Garden Court’ in the ‘Briar Rose’ Series,c.1873,Graphite on paper,Bequeathed by A.N. MacNicholl 1916,1873,1916,support: 126 x 180 mm,126,180,,mm,,,http://www.tate.org.uk/art/images/work/A/A00/A00063_8.jpg,http://www.tate.org.uk/art/artworks/burne-jones-study-of-seated-figure-for-the-garden-court-in-the-briar-rose-series-a00063
1702,A00064,"Burne-Jones, Sir Edward Coley, Bt",artist,68,Study of Seated Figure for ‘The Garden Court’ in the ‘Briar Rose’ Series,c.1873,Graphite on paper,Bequeathed by A.N. MacNicholl 1916,1873,1916,support: 126 x 179 mm,126,179,,mm,,,http://www.tate.org.uk/art/images/work/A/A00/A00064_8.jpg,http://www.tate.org.uk/art/artworks/burne-jones-study-of-seated-figure-for-the-garden-court-in-the-briar-rose-series-a00064
1703,A00065,"Burne-Jones, Sir Edward Coley, Bt",artist,68,Figure Study for ‘The Rose Bower’ (Briar Rose Series). Verso: Study of the Head of Merlin for ‘The Beguiling of Merlin’,c.1872–7,Charcoal and graphite on paper. Verso: graphite on paper,Bequeathed by A.N. MacNicholl 1916,1872,1916,support: 212 x 235 mm,212,235,,mm,,,http://www.tate.org.uk/art/images/work/A/A00/A00065_8.jpg,http://www.tate.org.uk/art/artworks/burne-jones-figure-study-for-the-rose-bower-briar-rose-series-verso-study-of-the-head-of-a00065
1704,A00066,"Burne-Jones, Sir Edward Coley, Bt",artist,68,Three Studies for ‘The Beguiling of Merlin’,c.1872–7,Graphite on paper,Bequeathed by A.N. MacNicholl 1916,1872,1916,support: 323 x 222 mm,323,222,,mm,,,http://www.tate.org.uk/art/images/work/A/A00/A00066_8.jpg,http://www.tate.org.uk/art/artworks/burne-jones-three-studies-for-the-beguiling-of-merlin-a00066
1705,A00067,"Burne-Jones, Sir Edward Coley, Bt",artist,68,Studies of a Sleeve,date not known,Graphite on paper,Bequeathed by A.N. MacNicholl 1916,,1916,support: 244 x 152 mm,244,152,,mm,,,http://www.tate.org.uk/art/images/work/A/A00/A00067_8.jpg,http://www.tate.org.uk/art/artworks/burne-jones-studies-of-a-sleeve-a00067
1706,A00068,"Burne-Jones, Sir Edward Coley, Bt",artist,68,Kneeling Woman,date not known,Chalk on paper,Presented by Lord Duveen 1924,,1924,support: 152 x 165 mm,152,165,,mm,,,http://www.tate.org.uk/art/images/work/A/A00/A00068_8.jpg,http://www.tate.org.uk/art/artworks/burne-jones-kneeling-woman-a00068
1707,A00069,"Burne-Jones, Sir Edward Coley, Bt",artist,68,Stooping Woman,date not known,Chalk on paper,Presented by Lord Duveen 1924,,1924,support: 152 x 165 mm,152,165,,mm,,,http://www.tate.org.uk/art/images/work/A/A00/A00069_8.jpg,http://www.tate.org.uk/art/artworks/burne-jones-stooping-woman-a00069
1708,A00070,"Burne-Jones, Sir Edward Coley, Bt",artist,68,Study of a Female Head for ‘The Hours’,c.1872,Graphite on paper,Presented by Lord Duveen 1925,1872,1925,support: 146 x 149 mm,146,149,,mm,,,http://www.tate.org.uk/art/images/work/A/A00/A00070_8.jpg,http://www.tate.org.uk/art/artworks/burne-jones-study-of-a-female-head-for-the-hours-a00070
1709,A00071,"Burne-Jones, Sir Edward Coley, Bt",artist,68,Female Head,date not known,Graphite on paper,Presented by Lord Duveen 1925,,1925,support: 146 x 149 mm,146,149,,mm,,,http://www.tate.org.uk/art/images/work/A/A00/A00071_8.jpg,http://www.tate.org.uk/art/artworks/burne-jones-female-head-a00071
1710,A00072,"Burne-Jones, Sir Edward Coley, Bt",artist,68,Ruth and Boaz,1879,Graphite on paper,Bequeathed by J.R. Holliday 1927,1879,1927,support: 645 x 518 mm,645,518,,mm,,,http://www.tate.org.uk/art/images/work/A/A00/A00072_8.jpg,http://www.tate.org.uk/art/artworks/burne-jones-ruth-and-boaz-a00072
1711,A00073,"Burne-Jones, Sir Edward Coley, Bt",artist,68,The Finding of Moses,1879,Graphite on paper,Bequeathed by J.R. Holliday 1927,1879,1927,support: 647 x 518 mm,647,518,,mm,,,http://www.tate.org.uk/art/images/work/A/A00/A00073_8.jpg,http://www.tate.org.uk/art/artworks/burne-jones-the-finding-of-moses-a00073
1712,A00074,"Burne-Jones, Sir Edward Coley, Bt",artist,68,St Alban,1875,Charcoal and graphite on paper,Bequeathed by J.R. Holliday 1927,1875,1927,support: 730 x 398 mm,730,398,,mm,,,http://www.tate.org.uk/art/images/work/A/A00/A00074_8.jpg,http://www.tate.org.uk/art/artworks/burne-jones-st-alban-a00074
1713,A00075,"Burne-Jones, Sir Edward Coley, Bt",artist,68,St Aidan,1875,Charcoal and graphite on paper,Bequeathed by J.R. Holliday 1927,1875,1927,support: 730 x 400 mm,730,400,,mm,,,,http://www.tate.org.uk/art/artworks/burne-jones-st-aidan-a00075
1714,A00076,"Burne-Jones, Sir Edward Coley, Bt",artist,68,St Oswald,1875,Charcoal and graphite on paper,Bequeathed by J.R. Holliday 1927,1875,1927,support: 730 x 400 mm,730,400,,mm,,,http://www.tate.org.uk/art/images/work/A/A00/A00076_8.jpg,http://www.tate.org.uk/art/artworks/burne-jones-st-oswald-a00076
1715,A00077,"Burne-Jones, Sir Edward Coley, Bt",artist,68,St Boniface,1875,Charcoal and graphite on paper,Bequeathed by J.R. Holliday 1927,1875,1927,support: 731 x 400 mm,731,400,,mm,,,http://www.tate.org.uk/art/images/work/A/A00/A00077_8.jpg,http://www.tate.org.uk/art/artworks/burne-jones-st-boniface-a00077
1716,A00078,"Burne-Jones, Sir Edward Coley, Bt",artist,68,Study of the Head of Tristram for ‘The Madness of Sir Tristram’,c.1862,Graphite on paper,Bequeathed by J.R. Holliday 1927,1862,1927,support: 101 x 131 mm,101,131,,mm,,,http://www.tate.org.uk/art/images/work/A/A00/A00078_8.jpg,http://www.tate.org.uk/art/artworks/burne-jones-study-of-the-head-of-tristram-for-the-madness-of-sir-tristram-a00078
1717,A00079,"Burne-Jones, Sir Edward Coley, Bt",artist,68,Two Studies of Tristram for ‘The Madness of Sir Tristram’,c.1862,Graphite on paper,Bequeathed by J.R. Holliday 1927,1862,1927,support: 207 x 241 mm,207,241,,mm,,,http://www.tate.org.uk/art/images/work/A/A00/A00079_8.jpg,http://www.tate.org.uk/art/artworks/burne-jones-two-studies-of-tristram-for-the-madness-of-sir-tristram-a00079
1718,A00080,"Burne-Jones, Sir Edward Coley, Bt",artist,68,Roundel with the Head of a Warrior,c.1870–5,Graphite on paper,Bequeathed by J.R. Holliday 1927,1870,1927,"support, circular: 224 x 224 mm",,,,,,,http://www.tate.org.uk/art/images/work/A/A00/A00080_8.jpg,http://www.tate.org.uk/art/artworks/burne-jones-roundel-with-the-head-of-a-warrior-a00080
1719,A00081,"Burne-Jones, Sir Edward Coley, Bt",artist,68,Roundel with the Head of a Woman,c.1870–5,Graphite on paper,Bequeathed by J.R. Holliday 1927,1870,1927,"support, circular: 223 x 223 mm",,,,,,,http://www.tate.org.uk/art/images/work/A/A00/A00081_8.jpg,http://www.tate.org.uk/art/artworks/burne-jones-roundel-with-the-head-of-a-woman-a00081
1720,A00082,"Burne-Jones, Sir Edward Coley, Bt",artist,68,Roundel with the Head of a Woman,c.1870–5,Graphite on paper,Bequeathed by J.R. Holliday 1927,1870,1927,"support, circular: 225 x 225 mm",,,,,,,http://www.tate.org.uk/art/images/work/A/A00/A00082_8.jpg,http://www.tate.org.uk/art/artworks/burne-jones-roundel-with-the-head-of-a-woman-a00082
1721,A00083,"Burne-Jones, Sir Edward Coley, Bt",artist,68,Composition Study for ‘The Merciful Knight’. Verso: Study for a Nativity,c.1863,Graphite on paper. Verso: graphite on paper,Bequeathed by J.R. Holliday 1927,1863,1927,support: 252 x 153 mm,252,153,,mm,,,http://www.tate.org.uk/art/images/work/A/A00/A00083_8.jpg,http://www.tate.org.uk/art/artworks/burne-jones-composition-study-for-the-merciful-knight-verso-study-for-a-nativity-a00083
20228,A00084,"Burne-Jones, Sir Edward Coley, Bt",artist,68,Composition Study for ‘The Merciful Knight’. Verso: Composition Study for ‘St Valentine’s Day’,c.1863,Graphite on paper. Verso: graphite on paper,Bequeathed by J.R. Holliday 1927,1863,1927,support: 258 x 178 mm,258,178,,mm,,,http://www.tate.org.uk/art/images/work/A/A00/A00084_8.jpg,http://www.tate.org.uk/art/artworks/burne-jones-composition-study-for-the-merciful-knight-verso-composition-study-for-st-a00084
1722,A00085,"Burne-Jones, Sir Edward Coley, Bt",artist,68,Composition Study for ‘The Merciful Knight’,c.1863,Graphite on paper,Bequeathed by J.R. Holliday 1927,1863,1927,support: 222 x 157 mm,222,157,,mm,,,http://www.tate.org.uk/art/images/work/A/A00/A00085_8.jpg,http://www.tate.org.uk/art/artworks/burne-jones-composition-study-for-the-merciful-knight-a00085
1723,A00086,"Burne-Jones, Sir Edward Coley, Bt",artist,68,Nude Study of Knight for ‘The Merciful Knight’,c.1863,Graphite on paper,Bequeathed by J.R. Holliday 1927,1863,1927,support: 298 x 133 mm,298,133,,mm,,,http://www.tate.org.uk/art/images/work/A/A00/A00086_8.jpg,http://www.tate.org.uk/art/artworks/burne-jones-nude-study-of-knight-for-the-merciful-knight-a00086
1724,A00087,"Burne-Jones, Sir Edward Coley, Bt",artist,68,Nude Study of the Knight for ‘The Merciful Knight’,c.1863,Graphite on paper,Bequeathed by J.R. Holliday 1927,1863,1927,support: 330 x 143 mm,330,143,,mm,,,http://www.tate.org.uk/art/images/work/A/A00/A00087_8.jpg,http://www.tate.org.uk/art/artworks/burne-jones-nude-study-of-the-knight-for-the-merciful-knight-a00087
1725,A00088,"Burne-Jones, Sir Edward Coley, Bt",artist,68,Study of Knight for ‘The Merciful Knight’,c.1863,Graphite on paper,Bequeathed by J.R. Holliday 1927,1863,1927,support: 248 x 175 mm,248,175,,mm,,,http://www.tate.org.uk/art/images/work/A/A00/A00088_8.jpg,http://www.tate.org.uk/art/artworks/burne-jones-study-of-knight-for-the-merciful-knight-a00088
1726,A00089,"Burne-Jones, Sir Edward Coley, Bt",artist,68,Nude Study of Knight for ‘The Merciful Knight’,c.1863,Graphite on paper,Bequeathed by J.R. Holliday 1927,1863,1927,support: 203 x 190 mm,203,190,,mm,,,http://www.tate.org.uk/art/images/work/A/A00/A00089_8.jpg,http://www.tate.org.uk/art/artworks/burne-jones-nude-study-of-knight-for-the-merciful-knight-a00089
1727,A00090,"Burne-Jones, Sir Edward Coley, Bt",artist,68,"Study of a Seated Male Nude for ‘The Liberation of St Peter’ in the Church of St Michael and All Angels, Lyndhurst, Hampshire",c.1863,Graphite and chalk on paper,Bequeathed by J.R. Holliday 1927,1863,1927,support: 168 x 127 mm,168,127,,mm,,,http://www.tate.org.uk/art/images/work/A/A00/A00090_8.jpg,http://www.tate.org.uk/art/artworks/burne-jones-study-of-a-seated-male-nude-for-the-liberation-of-st-peter-in-the-church-of-st-a00090
1728,A00091,"Burne-Jones, Sir Edward Coley, Bt",artist,68,"Two Studies of a Seated Male Nude for ‘The Liberation of St Peter’ in the Church of St Michael and All Angels, Lyndhurst, Hampshire",c.1863,Graphite and chalk on paper,Bequeathed by J.R. Holliday 1927,1863,1927,support: 179 x 335 mm,179,335,,mm,,,http://www.tate.org.uk/art/images/work/A/A00/A00091_8.jpg,http://www.tate.org.uk/art/artworks/burne-jones-two-studies-of-a-seated-male-nude-for-the-liberation-of-st-peter-in-the-church-a00091
1729,A00092,"Burne-Jones, Sir Edward Coley, Bt",artist,68,Study for ‘Blind Love’,date not known,Graphite on paper,Bequeathed by J.R. Holliday 1927,,1927,support: 302 x 140 mm,302,140,,mm,,,http://www.tate.org.uk/art/images/work/A/A00/A00092_8.jpg,http://www.tate.org.uk/art/artworks/burne-jones-study-for-blind-love-a00092
1730,A00093,"Burne-Jones, Sir Edward Coley, Bt",artist,68,Study for ‘Blind Love’,date not known,Graphite on paper,Bequeathed by J.R. Holliday 1927,,1927,support: 311 x 133 mm,311,133,,mm,,,http://www.tate.org.uk/art/images/work/A/A00/A00093_8.jpg,http://www.tate.org.uk/art/artworks/burne-jones-study-for-blind-love-a00093
1731,A00094,"Burne-Jones, Sir Edward Coley, Bt",artist,68,Study of a Male Figure for ‘Clerk Saunders’,c.1861,Graphite on paper,Bequeathed by J.R. Holliday 1927,1861,1927,support: 297 x 148 mm,297,148,,mm,,,http://www.tate.org.uk/art/images/work/A/A00/A00094_8.jpg,http://www.tate.org.uk/art/artworks/burne-jones-study-of-a-male-figure-for-clerk-saunders-a00094
1732,A00095,"Burne-Jones, Sir Edward Coley, Bt",artist,68,Study of a Seated Woman for ‘The Hours’,c.1866,Graphite on paper,Bequeathed by J.R. Holliday 1927,1866,1927,support: 478 x 264 mm,478,264,,mm,,,http://www.tate.org.uk/art/images/work/A/A00/A00095_8.jpg,http://www.tate.org.uk/art/artworks/burne-jones-study-of-a-seated-woman-for-the-hours-a00095
1733,A00096,"Burne-Jones, Sir Edward Coley, Bt",artist,68,Study of a Reclining Figure,date not known,Graphite on paper,Bequeathed by J.R. Holliday 1927,,1927,support: 105 x 152 mm,105,152,,mm,,,http://www.tate.org.uk/art/images/work/A/A00/A00096_8.jpg,http://www.tate.org.uk/art/artworks/burne-jones-study-of-a-reclining-figure-a00096
1734,A00097,"Burne-Jones, Sir Edward Coley, Bt",artist,68,Head of a Girl,c.1861,Graphite on paper,Bequeathed by J.R. Holliday 1927,1861,1927,support: 186 x 140 mm,186,140,,mm,,,http://www.tate.org.uk/art/images/work/A/A00/A00097_8.jpg,http://www.tate.org.uk/art/artworks/burne-jones-head-of-a-girl-a00097
1735,A00098,"Burne-Jones, Sir Edward Coley, Bt",artist,68,Two Studies for the Head of the King in ‘King Cophetua and the Beggar Maid’,c.1880,Graphite on paper,Bequeathed by J.R. Holliday 1927,1880,1927,support: 152 x 162 mm,152,162,,mm,,,http://www.tate.org.uk/art/images/work/A/A00/A00098_8.jpg,http://www.tate.org.uk/art/artworks/burne-jones-two-studies-for-the-head-of-the-king-in-king-cophetua-and-the-beggar-maid-a00098
1736,A00099,"Burne-Jones, Sir Edward Coley, Bt",artist,68,Head of a Woman: ?Georgiana Burne-Jones,c.1861,Graphite on paper,Bequeathed by J.R. Holliday 1927,1861,1927,support: 140 x 166 mm,140,166,,mm,,,http://www.tate.org.uk/art/images/work/A/A00/A00099_8.jpg,http://www.tate.org.uk/art/artworks/burne-jones-head-of-a-woman-georgiana-burne-jones-a00099
20230,A00100,"Burne-Jones, Sir Edward Coley, Bt",artist,68,Study of Heads for a Pietà,date not known,Graphite and chalk on paper,Bequeathed by J.R. Holliday 1927,,1927,support: 136 x 154 mm,136,154,,mm,,,http://www.tate.org.uk/art/images/work/A/A00/A00100_8.jpg,http://www.tate.org.uk/art/artworks/burne-jones-study-of-heads-for-a-pieta-a00100